Cn,112.85.130.80,9999,112.85.130.80:9999,江苏南通,高匿,HTTPS,1分钟,8分钟前
Cn,112.85.170.248,9999,112.85.170.248:9999,江苏南通,高匿,HTTPS,1分钟,8分钟前
Cn,120.83.101.69,9999,120.83.101.69:9999,广东揭阳市普宁,高匿,HTTPS,1分钟,8分钟前
Cn,1.197.203.69,9999,1.197.203.69:9999,河南济源,高匿,HTTPS,1分钟,9分钟前
Cn,113.108.242.36,47713,113.108.242.36:47713,广东广州,高匿,HTTPS,187天,1小时前
Cn,112.85.129.57,9999,112.85.129.57:9999,江苏南通,高匿,HTTP,22小时,1小时前
Cn,1.197.203.177,9999,1.197.203.177:9999,河南济源,高匿,HTTP,1分钟,1小时前
Cn,1.197.16.84,9999,1.197.16.84:9999,河南许昌,高匿,HTTP,1分钟,1小时前
Cn,113.103.227.239,9999,113.103.227.239:9999,广东中山,高匿,HTTP,1分钟,1小时前
Cn,58.253.152.7,9999,58.253.152.7:9999,广东揭阳,高匿,HTTP,1分钟,1小时前
Cn,1.198.73.116,9999,1.198.73.116:9999,河南,高匿,HTTP,1分钟,1小时前
Cn,112.85.150.24,9999,112.85.150.24:9999,江苏南通,高匿,HTTPS,1分钟,1小时前
Cn,1.198.72.43,9999,1.198.72.43:9999,河南,高匿,HTTPS,1分钟,1小时前
Cn,112.87.69.136,9999,112.87.69.136:9999,江苏宿迁,高匿,HTTPS,1分钟,1小时前
Cn,111.177.106.165,9999,111.177.106.165:9999,湖北襄阳,高匿,HTTP,1分钟,2小时前
Cn,121.31.158.204,8123,121.31.158.204:8123,广西北海,高匿,HTTP,1分钟,2小时前
Cn,182.34.32.24,9999,182.34.32.24:9999,山东烟台,高匿,HTTP,1分钟,2小时前
Cn,112.85.164.215,9999,112.85.164.215:9999,江苏南通,高匿,HTTPS,1分钟,2小时前
Cn,112.85.151.98,9999,112.85.151.98:9999,江苏南通,高匿,HTTPS,1分钟,2小时前
Cn,123.117.34.10,9000,123.117.34.10:9000,北京,透明,HTTPS,1分钟,8分钟前
Cn,122.141.74.186,8080,122.141.74.186:8080,吉林辽源,透明,HTTPS,64天,4小时前
,119.23.175.107,1086,119.23.175.107:1086,,透明,HTTP,1分钟,6小时前
Cn,202.112.237.102,3128,202.112.237.102:3128,北京,透明,HTTPS,226天,8小时前
Cn,58.249.55.222,9797,58.249.55.222:9797,广东广州,透明,HTTP,1258天,8小时前
Cn,111.202.37.195,8080,111.202.37.195:8080,北京,透明,HTTPS,240天,8小时前
Cn,202.104.150.130,33163,202.104.150.130:33163,广东深圳,透明,HTTPS,231天,9小时前
Cn,218.64.69.79,8080,218.64.69.79:8080,江西南昌,透明,HTTP,71天,10小时前
Cn,221.7.211.246,60233,221.7.211.246:60233,广西桂林,透明,HTTPS,229天,10小时前
Cn,101.231.234.38,8080,101.231.234.38:8080,上海,透明,HTTP,13天,11小时前
Cn,182.18.13.149,53281,182.18.13.149:53281,北京,透明,HTTPS,421天,12小时前
Cn,59.37.18.243,3128,59.37.18.243:3128,广东东莞,透明,HTTPS,229天,13小时前
Cn,183.129.207.80,21776,183.129.207.80:21776,浙江杭州,透明,HTTPS,258天,13小时前
Cn,119.131.89.142,9797,119.131.89.142:9797,广东广州,透明,HTTPS,148天,13小时前
Cn,117.90.2.185,9000,117.90.2.185:9000,江苏镇江,透明,HTTP,1分钟,13小时前
Cn,117.90.5.114,9000,117.90.5.114:9000,江苏镇江,透明,HTTP,1分钟,16小时前
Cn,113.251.221.64,1080,113.251.221.64:1080,重庆,透明,HTTPS,138天,22小时前
Cn,125.46.0.62,53281,125.46.0.62:53281,河南济源,透明,HTTP,634天,1 天
Cn,183.129.207.91,11056,183.129.207.91:11056,浙江杭州,透明,HTTPS,22天,1 天
Cn,117.90.1.177,9000,117.90.1.177:9000,江苏镇江,透明,HTTPS,1分钟,1 天
Cn,222.94.148.68,3128,222.94.148.68:3128,江苏南京,高匿,HTTPS,1分钟,5分钟前
Cn,112.85.130.80,9999,112.85.130.80:9999,江苏南通,高匿,HTTPS,1分钟,5分钟前
Cn,112.85.170.248,9999,112.85.170.248:9999,江苏南通,高匿,HTTPS,1分钟,5分钟前
Cn,123.117.34.10,9000,123.117.34.10:9000,北京,透明,HTTPS,1分钟,5分钟前
Cn,120.83.101.69,9999,120.83.101.69:9999,广东揭阳市普宁,高匿,HTTPS,1分钟,5分钟前
Cn,1.197.203.69,9999,1.197.203.69:9999,河南济源,高匿,HTTPS,1分钟,5分钟前
Cn,113.108.242.36,47713,113.108.242.36:47713,广东广州,高匿,HTTPS,187天,44分钟前
Cn,112.85.150.24,9999,112.85.150.24:9999,江苏南通,高匿,HTTPS,1分钟,1小时前
Cn,1.198.72.43,9999,1.198.72.43:9999,河南,高匿,HTTPS,1分钟,1小时前
Cn,112.87.69.136,9999,112.87.69.136:9999,江苏宿迁,高匿,HTTPS,1分钟,1小时前
Cn,112.85.164.215,9999,112.85.164.215:9999,江苏南通,高匿,HTTPS,1分钟,2小时前
Cn,112.85.151.98,9999,112.85.151.98:9999,江苏南通,高匿,HTTPS,1分钟,2小时前
Cn,180.119.68.155,9999,180.119.68.155:9999,江苏扬州,高匿,HTTPS,1分钟,2小时前
Cn,112.85.131.155,9999,112.85.131.155:9999,江苏南通,高匿,HTTPS,41天,2小时前
Cn,112.85.170.155,9999,112.85.170.155:9999,江苏南通,高匿,HTTPS,27天,3小时前
Cn,112.85.167.192,9999,112.85.167.192:9999,江苏南通,高匿,HTTPS,1分钟,3小时前
Cn,116.208.55.120,9999,116.208.55.120:9999,湖北襄阳市宜城,高匿,HTTPS,1分钟,3小时前
Cn,112.87.69.20,9999,112.87.69.20:9999,江苏宿迁,高匿,HTTPS,1分钟,3小时前
Cn,122.141.74.186,8080,122.141.74.186:8080,吉林辽源,透明,HTTPS,64天,4小时前
Cn,121.63.198.149,9999,121.63.198.149:9999,湖北襄阳,高匿,HTTPS,1分钟,4小时前
Cn,112.85.129.57,9999,112.85.129.57:9999,江苏南通,高匿,HTTP,22小时,1小时前
Cn,1.197.203.177,9999,1.197.203.177:9999,河南济源,高匿,HTTP,1分钟,1小时前
Cn,1.197.16.84,9999,1.197.16.84:9999,河南许昌,高匿,HTTP,1分钟,1小时前
Cn,113.103.227.239,9999,113.103.227.239:9999,广东中山,高匿,HTTP,1分钟,1小时前
Cn,58.253.152.7,9999,58.253.152.7:9999,广东揭阳,高匿,HTTP,1分钟,1小时前
Cn,1.198.73.116,9999,1.198.73.116:9999,河南,高匿,HTTP,1分钟,1小时前
Cn,111.177.106.165,9999,111.177.106.165:9999,湖北襄阳,高匿,HTTP,1分钟,2小时前
Cn,121.31.158.204,8123,121.31.158.204:8123,广西北海,高匿,HTTP,1分钟,2小时前
Cn,182.34.32.24,9999,182.34.32.24:9999,山东烟台,高匿,HTTP,1分钟,2小时前
Cn,112.85.170.98,9999,112.85.170.98:9999,江苏南通,高匿,HTTP,3小时,2小时前
,120.79.77.215,80,120.79.77.215:80,长城宽带,高匿,HTTP,12小时,2小时前
Cn,112.85.168.217,9999,112.85.168.217:9999,江苏南通,高匿,HTTP,1分钟,3小时前
Cn,120.83.109.39,9999,120.83.109.39:9999,广东揭阳市普宁,高匿,HTTP,1分钟,3小时前
Cn,112.85.171.129,9999,112.85.171.129:9999,江苏南通,高匿,HTTP,1分钟,3小时前
Cn,182.34.35.130,9999,182.34.35.130:9999,山东烟台,高匿,HTTP,1分钟,4小时前
Cn,182.88.179.115,8123,182.88.179.115:8123,广西南宁,高匿,HTTP,276天,4小时前
Cn,112.85.171.153,9999,112.85.171.153:9999,江苏南通,高匿,HTTP,1分钟,4小时前
Cn,112.85.168.187,9999,112.85.168.187:9999,江苏南通,高匿,HTTP,1分钟,5小时前
Cn,111.177.113.28,9999,111.177.113.28:9999,湖北襄阳,高匿,HTTP,1分钟,5小时前
Cn,120.83.111.249,9999,120.83.111.249:9999,广东揭阳市普宁,高匿,HTTP,1分钟,5小时前
Cn,121.63.198.84,6668,121.63.198.84:6668,湖北襄阳,高匿,socks4/5,2263天,2 月前
Cn,121.31.150.165,6666,121.31.150.165:6666,广西北海,高匿,socks4/5,2080天,5 月前
Cn,121.31.193.132,6675,121.31.193.132:6675,广西桂林,高匿,socks4/5,2146天,6 月前
Cn,182.33.217.116,6666,182.33.217.116:6666,山东潍坊,高匿,socks4/5,1980天,7 月前
Cn,117.69.98.216,6666,117.69.98.216:6666,安徽宿州,高匿,socks4/5,2011天,8 月前
Cn,121.31.103.33,6666,121.31.103.33:6666,广西防城港,高匿,socks4/5,1982天,10 月前
Cn,113.121.245.231,6675,113.121.245.231:6675,山东德州,高匿,socks4/5,1992天,11 月前
Cn,113.121.245.32,6667,113.121.245.32:6667,山东德州,高匿,socks4/5,1921天,11 月前
Cn,218.73.130.59,6675,218.73.130.59:6675,浙江温州,高匿,socks4/5,1977天,12 月前
Cn,110.73.33.207,6673,110.73.33.207:6673,广西防城港,高匿,socks4/5,1915天,12 月前
Cn,110.73.30.246,6666,110.73.30.246:6666,广西防城港,高匿,socks4/5,1920天,1 年前
Cn,112.114.78.54,6673,112.114.78.54:6673,云南临沧,高匿,socks4/5,1813天,1 年前
Cn,171.38.64.67,6675,171.38.64.67:6675,广西玉林,高匿,socks4/5,1803天,1 年前
Cn,112.114.76.176,6668,112.114.76.176:6668,云南临沧,高匿,socks4/5,1808天,1 年前
Cn,222.172.239.69,6666,222.172.239.69:6666,云南昆明市呈贡县,高匿,socks4/5,1763天,1 年前
Cn,114.239.253.38,6666,114.239.253.38:6666,江苏宿迁市泗阳县,高匿,socks4/5,1571天,大约 2 年
Cn,116.28.106.165,6666,116.28.106.165:6666,广东中山,高匿,socks4/5,1561天,大约 2 年
Cn,220.179.214.77,6666,220.179.214.77:6666,安徽铜陵,高匿,socks4/5,1556天,2 年前
Cn,110.73.32.7,6666,110.73.32.7:6666,广西防城港,高匿,socks4/5,1489天,2 年前
Cn,114.139.48.8,6668,114.139.48.8:6668,贵州遵义,高匿,socks4/5,1458天,2 年前
